<?xml version="1.0"?>
<!--<!DOCTYPE metadata SYSTEM "http://www.esri.com/metadata/esriprof80.dtd">-->
<metadata xml:lang="en"><Esri><MetaID>{FAD71B3D-A7CD-4F52-97A5-B5A3AF8133A4}</MetaID><CreaDate>20080404</CreaDate><CreaTime>11195500</CreaTime><SyncOnce>TRUE</SyncOnce><DataProperties><lineage><Process Name="Project_5" ToolSource="C:\Program Files\ArcGIS\ArcToolbox\Toolboxes\Data Management Tools.tbx\Project" Date="20080404" Time="111955">Project T:\HydroSurvey\Hymondat\Lakes\Arlington2007\GIS\Islands_2004_550.shp T:\HydroSurvey\Hymondat\Lakes\Arlington2007\GIS\Islands_2004_550_stpl83.shp PROJCS['NAD_1983_StatePlane_Texas_North_Central_FIPS_4202_Feet',GEOGCS['GCS_North_American_1983',DATUM['D_North_American_1983',SPHEROID['GRS_1980',6378137.0,298.257222101]],PRIMEM['Greenwich',0.0],UNIT['Degree',0.0174532925199433]],PROJECTION['Lambert_Conformal_Conic'],PARAMETER['False_Easting',1968500.0],PARAMETER['False_Northing',6561666.666666666],PARAMETER['Central_Meridian',-98.5],PARAMETER['Standard_Parallel_1',32.13333333333333],PARAMETER['Standard_Parallel_2',33.96666666666667],PARAMETER['Latitude_Of_Origin',31.66666666666667],UNIT['Foot_US',0.3048006096012192]] #</Process></lineage></DataProperties></Esri></metadata>
