<?xml version="1.0"?>
<!--<!DOCTYPE metadata SYSTEM "http://www.esri.com/metadata/esriprof80.dtd">-->
<metadata xml:lang="en"><Esri><CreaDate>20080319</CreaDate><CreaTime>11484200</CreaTime><SyncOnce>TRUE</SyncOnce><MetaID>{87A65272-2A68-49E0-A34F-38A6B01BF413}</MetaID></Esri><idinfo><citation><citeinfo><onlink Sync="TRUE">\\NEPTUNE\SWR\HydroSurvey\Hymondat\Lakes\Arlington2007\GIS\tnrs07Ar1_5ftcont</onlink></citeinfo></citation></idinfo><distInfo><distributor><distorTran><onLineSrc><linkage Sync="TRUE">file://\\NEPTUNE\SWR\HydroSurvey\Hymondat\Lakes\Arlington2007\GIS\tnrs07Ar1_5ftcont</linkage><protocol Sync="TRUE">Local Area Network</protocol></onLineSrc></distorTran></distributor></distInfo><dataqual><lineage><procstep><procdesc Sync="TRUE">Dataset copied.</procdesc><srcused Sync="TRUE">D:\Workspace\Arlington\tnrs07Ar1_5ftcont</srcused><date Sync="TRUE">20080319</date><time Sync="TRUE">11484200</time></procstep></lineage></dataqual></metadata>
